{
    "France": "+33",
    "United States": "+1",
    "Canada": "+1",
    "United Kingdom": "+44",
    "Germany": "+49",
    "Australia": "+61",
    "Japan": "+81",
    "China": "+86",
    "India": "+91",
    "Brazil": "+55",
    "Russia": "+7",
    "South Korea": "+82",
    "Mexico": "+52",
    "South Africa": "+27",
    "Italy": "+39",
    "Spain": "+34",
    "Netherlands": "+31",
    "Argentina": "+54",
    "Chile": "+56",
    "Colombia": "+57",
    "Egypt": "+20",
    "Turkey": "+90",
    "Indonesia": "+62",
    "Thailand": "+66",
    "Vietnam": "+84",
    "Philippines": "+63",
    "Malaysia": "+60",
    "New Zealand": "+64",
    "Saudi Arabia": "+966",
    "United Arab Emirates": "+971",
    "Qatar": "+974",
    "Singapore": "+65",
    "Sweden": "+46",
    "Norway": "+47",
    "Denmark": "+45",
    "Finland": "+358",
    "Switzerland": "+41",
    "Belgium": "+32",
    "Austria": "+43",
    "Greece": "+30",
    "Poland": "+48",
    "Portugal": "+351",
    "Hungary": "+36",
    "Czech Republic": "+420",
    "Slovakia": "+421",
    "Romania": "+40",
    "Bulgaria": "+359",
    "Croatia": "+385",
    "Serbia": "+381",
    "Bosnia and Herzegovina": "+387",
    "Montenegro": "+382",
    "Slovenia": "+386",
    "Macedonia": "+389",
    "Albania": "+355",
    "Kosovo": "+383",
    "Ukraine": "+380",
    "Belarus": "+375",
    "Moldova": "+373",
    "Georgia": "+995",
    "Armenia": "+374",
    "Azerbaijan": "+994",
    "Kazakhstan": "+7",
    "Uzbekistan": "+998",
    "Tajikistan": "+992",
    "Kyrgyzstan": "+996",
    "Turkmenistan": "+993",
    "Afghanistan": "+93",
    "Pakistan": "+92",
    "Bangladesh": "+880",
    "Sri Lanka": "+94",
    "Nepal": "+977",
    "Bhutan": "+975",
    "Iran": "+98",
    "Iraq": "+964",
    "Syria": "+963",
    "Lebanon": "+961",
    "Jordan": "+962",
    "Israel": "+972",
    "Palestine": "+970",
    "Yemen": "+967",
    "Oman": "+968",
    "Bahrain": "+973",
    "Kuwait": "+965",
    "Maldives": "+960",
    "Laos": "+856",
    "Myanmar": "+95",
    "Cambodia": "+855",
    "Mongolia": "+976",
    "Ethiopia": "+251",
    "Kenya": "+254",
    "South Sudan": "+211",
    "Tanzania": "+255",
    "Uganda": "+256",
    "Rwanda": "+250",
    "Burundi": "+257",
    "Somalia": "+252",
    "Zimbabwe": "+263",
    "Zambia": "+260",
    "Mozambique": "+258",
    "Namibia": "+264",
    "Angola": "+244",
    "Botswana": "+267",
    "Lesotho": "+266",
    "Swaziland": "+268",
    "Morocco": "+212",
    "Algeria": "+213",
    "Tunisia": "+216",
    "Libya": "+218",
    "Sudan": "+249",
    "Chad": "+235",
    "Niger": "+227",
    "Mali": "+223",
    "Senegal": "+221",
    "Gambia": "+220",
    "Guinea": "+224",
    "Ivory Coast": "+225",
    "Burkina Faso": "+226",
    "Liberia": "+231",
    "Sierra Leone": "+232",
    "Ghana": "+233",
    "Togo": "+228",
    "Benin": "+229",
    "Nigeria": "+234",
    "Cameroon": "+237",
    "Central African Republic": "+236",
    "Congo (DRC)": "+243",
    "Congo (Republic)": "+242",
    "Gabon": "+241",
    "Equatorial Guinea": "+240",
    "Sao Tome and Principe": "+239",
    "Cape Verde": "+238",
    "Bahamas": "+1",
    "Jamaica": "+1",
    "Trinidad and Tobago": "+1",
    "Barbados": "+1",
    "Saint Lucia": "+1",
    "Grenada": "+1",
    "Antigua and Barbuda": "+1",
    "Saint Kitts and Nevis": "+1",
    "Dominica": "+1",
    "Saint Vincent and the Grenadines": "+1",
    "Cuba": "+53",
    "Dominican Republic": "+1",
    "Haiti": "+509",
    "Puerto Rico": "+1",
    "Guatemala": "+502",
    "El Salvador": "+503",
    "Honduras": "+504",
    "Nicaragua": "+505",
    "Costa Rica": "+506",
    "Panama": "+507",
    "Belize": "+501"
}